{"algorithm": "ElasticNet_StandardScaler()", "best_params": {"reg__alpha": 0.1, "reg__l1_ratio": 0.2, "reg__normalize": true}, "performance": {"cv_scores": {"fit_time": [4.296968698501587, 4.395287275314331, 4.615546226501465, 4.388485908508301, 4.333975553512573], "score_time": [0.003000020980834961, 0.004000663757324219, 0.004001140594482422, 0.004000425338745117, 0.00500178337097168], "test_r2": [-0.0002049071317926643, -1.4657377663816171, -0.132511427519022, -0.007134458983606873, -0.057707895518689156], "test_mse": [0.003941955867421475, 0.0015055123342768435, 0.0013665886013266295, 0.0018619152816837109, 0.05815267067809221], "test_xve": [4.440892098500626e-16, 0.0, -0.00246140921792537, 0.0, -0.021016837440382297], "test_MAPE": [35975832845115.52, 46916471172900.75, 18805010380992.305, 24250025312756.402, 25269673160822.695]}, "test_scores": {"r2": -0.004787152367110359, "mse": 0.0032206051669821526, "explained_variance_score": 0.0, "MAPE": 23110872340290.723}}}