{"algorithm": "ElasticNet_Normalizer()", "best_params": {"reg__alpha": 0.001, "reg__l1_ratio": 0.2, "reg__normalize": false}, "performance": {"cv_scores": {"fit_time": [3.517792224884033, 3.583312511444092, 3.622816324234009, 3.638819694519043, 3.559802532196045], "score_time": [0.00400090217590332, 0.00400090217590332, 0.004001140594482422, 0.0050013065338134766, 0.004008769989013672], "test_r2": [-0.0002049071317926643, -1.4657377663816171, -0.12718713856875663, -0.007134458983606873, -0.04303836187825438], "test_mse": [0.003941955867421475, 0.0015055123342768435, 0.0013601638426771368, 0.0018619152816837109, 0.05734614123607167], "test_xve": [4.440892098500626e-16, 0.0, 2.220446049250313e-16, 0.0, -0.0024496905346858], "test_MAPE": [35975832845115.52, 46916471172900.75, 18827036711059.137, 24250025312756.402, 22439105457266.516]}, "test_scores": {"r2": -0.004787152367110359, "mse": 0.0032206051669821526, "explained_variance_score": 0.0, "MAPE": 23110872340290.723}}}