{"algorithm": "Lasso_StandardScaler()", "best_params": {"reg__alpha": 0.1, "reg__fit_intercept": true, "reg__normalize": true}, "performance": {"cv_scores": {"fit_time": [1.8104093074798584, 1.8964276313781738, 1.9914491176605225, 1.9199392795562744, 1.843414545059204], "score_time": [0.003999233245849609, 0.003000020980834961, 0.005001544952392578, 0.0030002593994140625, 0.0040013790130615234], "test_r2": [-0.0002049071317926643, -1.4657377663816171, -0.12718713856875663, -0.007134458983606873, -0.05715945973728509], "test_mse": [0.003941955867421475, 0.0015055123342768435, 0.0013601638426771368, 0.0018619152816837109, 0.05812251773556507], "test_xve": [4.440892098500626e-16, 0.0, 2.220446049250313e-16, 0.0, -0.02038515486820347], "test_MAPE": [35975832845115.52, 46916471172900.75, 18827036711059.137, 24250025312756.402, 25108520922320.363]}, "test_scores": {"r2": -0.004787152367110359, "mse": 0.0032206051669821526, "explained_variance_score": 0.0, "MAPE": 23110872340290.723}}}