{"algorithm": "Lasso_Normalizer()", "best_params": {"reg__alpha": 0.01, "reg__fit_intercept": false, "reg__normalize": true}, "performance": {"cv_scores": {"fit_time": [1.5923607349395752, 1.5533504486083984, 1.5843567848205566, 1.547348976135254, 1.596360206604004], "score_time": [0.00299835205078125, 0.004000663757324219, 0.00400090217590332, 0.004000663757324219, 0.004000663757324219], "test_r2": [-0.02101098096323417, -0.6496992928046739, -0.0045701802956814586, -0.02190967146524958, -0.04028600401939153], "test_mse": [0.004023955689890901, 0.001007261464308056, 0.0012122033599538725, 0.0018892305956065979, 0.05719481688571668], "test_xve": [-5.659135928093306e-06, 3.857895036218917e-05, 0.0001448020220928825, 1.6821556141133343e-05, 0.0], "test_MAPE": [28674816632015.215, 38398244271109.62, 15175956372607.717, 19381782079095.43, 24030786781118.54]}, "test_scores": {"r2": -0.060391570587418064, "mse": 0.0033988318453443086, "explained_variance_score": 2.7918737501630986e-05, "MAPE": 18283059987210.9}}}