{"algorithm": "LGBMRegressor_Normalizer()", "best_params": {"reg__learning_rate": 0.05, "reg__max_depth": 5, "reg__n_estimators": 50, "reg__subsample": 0.5}, "performance": {"cv_scores": {"fit_time": [20.09143614768982, 20.048023462295532, 19.595415830612183, 19.991011142730713, 19.71244168281555], "score_time": [0.006001472473144531, 0.0060007572174072266, 0.005001068115234375, 0.00600123405456543, 0.005001544952392578], "test_r2": [0.03282551368378439, -1.850753641998494, 0.16763438424582522, 0.08374237720339828, -0.08922026556177642], "test_mse": [0.003811778080641024, 0.0017405925433471767, 0.001004406079255011, 0.0016939089459473556, 0.05988521752317667], "test_xve": [0.03703710262577187, -0.2483442663637747, 0.18530117994844786, 0.101518089814986, -0.05673378353602199], "test_MAPE": [33320710838425.945, 50849196769485.875, 15076895906690.178, 26433452717286.324, 16096474789156.99]}, "test_scores": {"r2": 0.08703632635631542, "mse": 0.0029262869431371753, "explained_variance_score": 0.08727155233570993, "MAPE": 26347609689996.02}}}