{"algorithm": "LGBMRegressor_StandardScaler()", "best_params": {"reg__learning_rate": 0.05, "reg__max_depth": 5, "reg__n_estimators": 50, "reg__subsample": 0.5}, "performance": {"cv_scores": {"fit_time": [20.425602436065674, 20.242066144943237, 20.23206877708435, 20.538628816604614, 20.025513172149658], "score_time": [0.0050008296966552734, 0.00600123405456543, 0.0060007572174072266, 0.006001949310302734, 0.006000995635986328], "test_r2": [0.28276182403026395, -0.8181072539813314, -0.43033405270367164, 0.46570857075351035, -0.0788435302760726], "test_mse": [0.0028267420165036584, 0.0011100867793917175, 0.00172596776069293, 0.0009877582562219356, 0.05931470569061882], "test_xve": [0.2929966646544775, -0.013511564744023374, -0.2621430991244722, 0.4659622482175503, -0.043355294067527916], "test_MAPE": [34096693221211.96, 41896686240631.58, 21311276208637.05, 26824843684738.562, 22536186323222.645]}, "test_scores": {"r2": 0.21178415272812467, "mse": 0.0025264375887377346, "explained_variance_score": 0.22211084547643778, "MAPE": 20554551698361.5}}}