{"algorithm": "Ridge_StandardScaler()", "best_params": {"reg__alpha": 1000, "reg__fit_intercept": true, "reg__normalize": true}, "performance": {"cv_scores": {"fit_time": [1.8744125366210938, 1.8664205074310303, 1.8564181327819824, 1.8632714748382568, 1.866419792175293], "score_time": [0.004001140594482422, 0.005001544952392578, 0.00400090217590332, 0.004001140594482422, 0.004000663757324219], "test_r2": [0.005929775214699062, -1.452147104914613, -0.010440194367401068, 0.004270994954665874, -0.054713052762687786], "test_mse": [0.0039177781745326585, 0.001497214246479948, 0.0012192866388728433, 0.0018408297267284758, 0.05798801453317706], "test_xve": [0.006157293858860657, 0.01118519105622906, 0.10320135210465653, 0.011179963475713595, -0.022195238776796078], "test_MAPE": [35984331337162.77, 47408888912685.64, 17354791902579.246, 24338793748199.684, 26647617180084.5]}, "test_scores": {"r2": 0.0012527296716009495, "mse": 0.003201245768072632, "explained_variance_score": 0.006000815166217199, "MAPE": 23254379793568.973}}}