{"algorithm": "Ridge_Normalizer()", "best_params": {"reg__alpha": 100, "reg__fit_intercept": false, "reg__normalize": true}, "performance": {"cv_scores": {"fit_time": [1.8544278144836426, 1.8774149417877197, 1.7804012298583984, 1.765397071838379, 1.806406021118164], "score_time": [0.003991603851318359, 0.004999637603759766, 0.00400090217590332, 0.005002260208129883, 0.0050008296966552734], "test_r2": [-0.09124965801075557, -1.1442783636796454, -0.06878563004748339, -0.00010319938764968839, -0.039515889813006355], "test_mse": [0.004300776732392461, 0.0013092379768267078, 0.0012896914095465568, 0.0018489164118958474, 0.05715247608631623], "test_xve": [-1.3873959903154542e-06, 5.269231683979747e-05, 0.0001672756891963889, 2.1962490254989753e-05, 4.1606318531006714e-05], "test_MAPE": [21470126326826.34, 43949474556106.28, 17636005058098.883, 22715741160185.04, 24207955028103.96]}, "test_scores": {"r2": -0.192367449726907, "mse": 0.003821848996063565, "explained_variance_score": 1.4414636708148798e-05, "MAPE": 13017347732140.188}}}