{"algorithm": "XGBRegressor_Normalizer()", "best_params": {"reg__learning_rate": 0.05, "reg__max_depth": 3, "reg__n_estimators": 50, "reg__subsample": 0.5}, "performance": {"cv_scores": {"fit_time": [36.12555813789368, 35.82507371902466, 35.91520977020264, 35.538007736206055, 35.13591766357422], "score_time": [0.007000923156738281, 0.00800180435180664, 0.008002042770385742, 0.007001399993896484, 0.007002353668212891], "test_r2": [0.3154281418334052, -10.007670211089568, 0.0867105835803259, -29.985713520943715, -0.09626916841982802], "test_mse": [0.0026979992136909746, 0.006720983674904824, 0.0011020559050124133, 0.05728408258093148, 0.06027276547311906], "test_xve": [0.3206806851203817, -8.392409518823063, 0.0867623628858123, -29.489400732068873, -0.06793493903192749], "test_MAPE": [14654088321080.148, 110575049361574.88, 10680256281301.104, 182066793081662.9, 17742189999086.88]}, "test_scores": {"r2": -0.809324817186923, "mse": 0.005799358442485576, "explained_variance_score": -0.5047364940876042, "MAPE": 43537098567096.766}}}