{"algorithm": "XGBRegressor_StandardScaler()", "best_params": {"reg__learning_rate": 0.05, "reg__max_depth": 3, "reg__n_estimators": 50, "reg__subsample": 0.5}, "performance": {"cv_scores": {"fit_time": [34.985883712768555, 34.58930468559265, 35.20294404029846, 35.284950733184814, 33.929646253585815], "score_time": [0.007001399993896484, 0.007001638412475586, 0.007001399993896484, 0.0070018768310546875, 0.007000923156738281], "test_r2": [-2.0087284819679834, -13.53572941730208, 0.3415221025934999, 0.4584080555218688, -0.05138337184209152], "test_mse": [0.011857845135935756, 0.00887512055167676, 0.0007945777560872641, 0.0010012549058030413, 0.05780494902061076], "test_xve": [-1.9532231992450364, -9.893329280864394, 0.3415298962800699, 0.5096444813289144, -0.021087991316693477], "test_MAPE": [86248949887088.23, 91150101292560.11, 7185192352912.554, 9428424706214.398, 22079225427366.63]}, "test_scores": {"r2": -2.296991598633097, "mse": 0.010567718897519285, "explained_variance_score": -1.6926590035443887, "MAPE": 79536567278447.53}}}