{"algorithm": "ElasticNet_Normalizer()", "best_params": {"reg__alpha": 0.001, "reg__l1_ratio": 0.8, "reg__normalize": true}, "performance": {"cv_scores": {"fit_time": [252.13885521888733, 260.01483726501465, 256.90457034111023, 250.7107059955597, 250.77877759933472], "score_time": [0.08102107048034668, 0.08702206611633301, 0.07701969146728516, 0.08000993728637695, 0.07900810241699219], "test_r2": [0.003816570372406125, 0.006171316684110861, 0.0026084588462860214, 4.946891704382672e-06, 1.7353051071644643e-06], "test_mse": [494.5156530074388, 322.0637437129654, 474.95122794822896, 563.0561485665226, 366.03640674623256], "test_xve": [0.0038168198748602666, 0.0062136713611102845, 0.0026088831062544005, 8.370991756101454e-06, 8.480999030058278e-06], "test_MAPE": [362808066755002.6, 330259135524734.56, 349356788418647.56, 367205429111624.1, 368280492443577.6]}, "test_scores": {"r2": 0.03955214998690182, "mse": 400.705790334641, "explained_variance_score": 0.03955249250224202, "MAPE": 268157554549265.94}}}