{"algorithm": "Lasso_Normalizer()", "best_params": {"reg__alpha": 0.001, "reg__fit_intercept": true, "reg__normalize": true}, "performance": {"cv_scores": {"fit_time": [156.5572235584259, 162.06081223487854, 158.26109504699707, 156.3370804786682, 160.00377106666565], "score_time": [0.07900881767272949, 0.08302092552185059, 0.07700872421264648, 0.0830225944519043, 0.08201098442077637], "test_r2": [-0.00028802913352610204, -0.0007110317148197876, -0.0002940850187875821, -0.00021843450919645235, -0.00032717476162957837], "test_mse": [496.5532182234843, 324.2940626080702, 476.33340006019176, 563.1819254599798, 366.1568000141226], "test_xve": [0.0, 0.0, 0.0, 0.0, 0.0], "test_MAPE": [0.7902543751219829, 0.7965649599895908, 0.7981132075471699, 0.7933636955107352, 0.7933636955107352]}, "test_scores": {"r2": 0.07060231246648985, "mse": 387.7514379497274, "explained_variance_score": 0.07060232393332277, "MAPE": 171178331723091.53}}}