{"algorithm": "LGBMRegressor_StandardScaler()", "best_params": {"reg__learning_rate": 0.1, "reg__max_depth": 7, "reg__n_estimators": 200, "reg__subsample": 0.5}, "performance": {"cv_scores": {"fit_time": [902.3846671581268, 897.5840368270874, 900.5056395530701, 908.9092192649841, 916.0439369678497], "score_time": [0.10202336311340332, 0.08801937103271484, 0.09001970291137695, 0.0980222225189209, 0.0870201587677002], "test_r2": [0.46721993637687587, 0.4795898516590258, 0.3983305371958089, 0.6310021109304035, 0.36833070685316716], "test_mse": [264.47747797855567, 168.64600856729388, 286.5110023364045, 207.76755805231332, 231.21435954285826], "test_xve": [0.46723874920258657, 0.479590071246906, 0.39834241584695684, 0.6310250173414257, 0.36837154130173544], "test_MAPE": [88924086001155.62, 178785743020451.97, 147792880670044.56, 271429495764156.25, 185523836491919.2]}, "test_scores": {"r2": 0.5184084252289047, "mse": 200.9234885418551, "explained_variance_score": 0.5184094373993618, "MAPE": 182106187149426.22}}}