{"algorithm": "LGBMRegressor_Normalizer()", "best_params": {"reg__learning_rate": 0.2, "reg__max_depth": 3, "reg__n_estimators": 200, "reg__subsample": 0.5}, "performance": {"cv_scores": {"fit_time": [831.8648238182068, 837.7129077911377, 856.1220643520355, 845.6479830741882, 846.1070048809052], "score_time": [0.09902286529541016, 0.10802459716796875, 0.0960226058959961, 0.10002279281616211, 0.1090250015258789], "test_r2": [0.5628124072806118, 0.42244709673703396, 0.42858824100121695, 0.6092014195436513, 0.5577622554200459], "test_mse": [217.02439678323066, 187.16389790295474, 272.1024847339301, 220.04263210408735, 161.8753958568057], "test_xve": [0.562842491358964, 0.42244724995690985, 0.4285884834631829, 0.6092098751653516, 0.5577855903114682], "test_MAPE": [83493784085910.1, 130358711157373.73, 112637604848977.34, 194914921530903.66, 106134549711970.69]}, "test_scores": {"r2": 0.5737003751314143, "mse": 177.85528709340963, "explained_variance_score": 0.5737003839181015, "MAPE": 349088032499305.44}}}