{"algorithm": "Ridge_Normalizer()", "best_params": {"reg__alpha": 0.01, "reg__fit_intercept": true, "reg__normalize": true}, "performance": {"cv_scores": {"fit_time": [114.95494675636292, 114.07998299598694, 111.1896538734436, 111.55025100708008, 118.33824896812439], "score_time": [0.07902121543884277, 0.07500982284545898, 0.0830223560333252, 0.0780189037322998, 0.07802104949951172], "test_r2": [3.700641089976475e-05, 3.3721068939951415e-05, 4.6818918390090225e-05, 2.086240835252884e-05, 1.665759399571698e-05], "test_mse": [496.3918672516432, 324.0527153077709, 476.17106386934375, 563.0471871926852, 366.03094463574894], "test_xve": [3.702342316003193e-05, 8.104444039913616e-05, 4.691105966425635e-05, 2.317346481983673e-05, 2.1638808165191925e-05], "test_MAPE": [357605396060767.7, 325283299023059.56, 344177006680291.2, 358291889266611.4, 359144925216667.1]}, "test_scores": {"r2": 0.09192658753010063, "mse": 378.8547961460512, "explained_variance_score": 0.09192734557998583, "MAPE": 890794160543397.2}}}