{"algorithm": "XGBRegressor_Normalizer()", "best_params": {"reg__learning_rate": 0.2, "reg__max_depth": 3, "reg__n_estimators": 200, "reg__subsample": 0.5}, "performance": {"cv_scores": {"fit_time": [9515.095772504807, 9497.075825691223, 9502.694551467896, 9509.969982624054, 9524.003933429718], "score_time": [0.08802080154418945, 0.08602166175842285, 0.09402275085449219, 0.09102177619934082, 0.09802699089050293], "test_r2": [0.3744142958945339, 0.5817924777164545, 0.4729673272706232, 0.3917556691422236, 0.3039938352109913], "test_mse": [310.54714802220974, 135.52585323475807, 250.96945858605096, 342.4774045188326, 254.76403772593073], "test_xve": [0.3744401821703335, 0.5818000153243412, 0.47297277630051004, 0.39184776519319287, 0.30401904401631097], "test_MAPE": [140278096768894.12, 86250931804144.22, 128661447016365.27, 194632957774085.5, 138627561788284.44]}, "test_scores": {"r2": 0.4844155990610989, "mse": 215.10554150297415, "explained_variance_score": 0.4844159237372899, "MAPE": 81467889507311.7}}}