{"algorithm": "ElasticNet_Normalizer()", "best_params": {"reg__alpha": 0.01, "reg__l1_ratio": 0.2, "reg__normalize": true}, "performance": {"cv_scores": {"fit_time": [0.062001943588256836, 0.06401419639587402, 0.06101369857788086, 0.060013532638549805, 0.06201434135437012], "score_time": [0.005000591278076172, 0.005001544952392578, 0.0040013790130615234, 0.00400090217590332, 0.005001068115234375], "test_r2": [-0.021089253539269714, 0.3254842386545014, 0.5349115333201833, 0.23120254352360925, 0.27924371480692345], "test_mse": [0.05530873954979231, 0.001193041643742997, 0.00028233434999866967, 0.001024353530789432, 0.0013529497866260913], "test_xve": [-0.00582238353393727, 0.33003900594678415, 0.5606023873718549, 0.2318118074519726, 0.3440754236011304], "test_MAPE": [29865235972097.58, 4939379514099.473, 1893517216288.7336, 7258734467826.977, 11623509177316.572]}, "test_scores": {"r2": -0.10751646422302019, "mse": 0.0017567678201573147, "explained_variance_score": 1.1102230246251565e-16, "MAPE": 36516327839871.35}}}