{"algorithm": "ElasticNet_StandardScaler()", "best_params": {"reg__alpha": 0.01, "reg__l1_ratio": 0.8, "reg__normalize": true}, "performance": {"cv_scores": {"fit_time": [0.05600166320800781, 0.06101417541503906, 0.060013532638549805, 0.0580134391784668, 0.05801248550415039], "score_time": [0.005001068115234375, 0.005001068115234375, 0.005001068115234375, 0.0050013065338134766, 0.005003213882446289], "test_r2": [-0.021089253539269714, 0.3254842386545014, 0.5349115333201833, 0.23120254352360925, 0.27924371480692345], "test_mse": [0.05530873954979231, 0.001193041643742997, 0.00028233434999866967, 0.001024353530789432, 0.0013529497866260913], "test_xve": [-0.00582238353393727, 0.33003900594678415, 0.5606023873718549, 0.2318118074519726, 0.3440754236011304], "test_MAPE": [29865235972097.58, 4939379514099.473, 1893517216288.7336, 7258734467826.977, 11623509177316.572]}, "test_scores": {"r2": -0.020773456617497965, "mse": 0.0014557970430078295, "explained_variance_score": 0.0, "MAPE": 23255309941877.438}}}