{"algorithm": "ElasticNet", "best_params": {"reg__alpha": 0.01, "reg__l1_ratio": 0.2, "reg__normalize": true}, "performance": {"cv_scores": {"fit_time": [0.06000256538391113, 0.06101393699645996, 0.06101393699645996, 0.06201434135437012, 0.05901384353637695], "score_time": [0.0050008296966552734, 0.004000663757324219, 0.005001068115234375, 0.005000591278076172, 0.004000425338745117], "test_r2": [-0.021089253539269714, 0.3254842386545014, 0.5349115333201833, 0.23120254352360925, 0.27924371480692345], "test_mse": [0.05530873954979231, 0.001193041643742997, 0.00028233434999866967, 0.001024353530789432, 0.0013529497866260913], "test_xve": [-0.00582238353393727, 0.33003900594678415, 0.5606023873718549, 0.2318118074519726, 0.3440754236011304], "test_MAPE": [29865235972097.58, 4939379514099.473, 1893517216288.7336, 7258734467826.977, 11623509177316.572]}, "test_scores": {"r2": -0.00882980761864638, "mse": 0.03701215144323016, "explained_variance_score": 0.0, "MAPE": 23221131906427.703}}}