{"algorithm": "ElasticNet_None", "best_params": {"reg__alpha": 0.01, "reg__l1_ratio": 0.8, "reg__normalize": true}, "performance": {"cv_scores": {"fit_time": [0.1650373935699463, 0.15703558921813965, 0.15903592109680176, 0.16203713417053223, 0.15703606605529785], "score_time": [0.0110015869140625, 0.011002779006958008, 0.011002540588378906, 0.012001991271972656, 0.011002302169799805], "test_r2": [0.083440802970427, 0.3966269245303833, 0.5203635281425062, 0.1673423977529287, 0.05810018252356497], "test_mse": [0.04964672161102694, 0.0010672088733888305, 0.0002911657914982595, 0.0011094414369028848, 0.0017680638840860408], "test_xve": [0.09391855257114234, 0.3972952716165723, 0.5937852315978693, 0.1682128293480053, 0.1002682023932866], "test_MAPE": [42534109325421.1, 5243962654721.014, 1281485734323.8274, 2616457829107.128, 17171474319969.195]}, "test_scores": {"r2": -0.008745777113820186, "mse": 0.0016723101004059737, "explained_variance_score": 1.1102230246251565e-16, "MAPE": 23021510631087.117}}}