{"algorithm": "ElasticNet_Normalizer()", "best_params": {"reg__alpha": 0.001, "reg__l1_ratio": 0.2, "reg__normalize": false}, "performance": {"cv_scores": {"fit_time": [0.2090466022491455, 0.216048002243042, 0.2180483341217041, 0.2200486660003662, 0.21304893493652344], "score_time": [0.014008045196533203, 0.014003515243530273, 0.014003753662109375, 0.014003276824951172, 0.015002727508544922], "test_r2": [0.6235631428879729, -2.530375144801197, 0.41128574759934833, 0.46803025822081123, -0.07140248012452877], "test_mse": [0.0014835934787219838, 0.0021555509258075764, 0.0007103947626663093, 0.0009834660931089553, 0.058905597523047006], "test_xve": [0.6236561591853036, -1.913657617389656, 0.4147792886664049, 0.5300549962972281, -0.040400981611740994], "test_MAPE": [8857786685496.121, 34839548664749.785, 3642064477990.8604, 7729297702469.6, 13111118680854.566]}, "test_scores": {"r2": -0.004787152367110359, "mse": 0.0032206051669821526, "explained_variance_score": 0.0, "MAPE": 23110872340290.723}}}