{"algorithm": "Lasso_None", "best_params": {"reg__alpha": 1000, "reg__fit_intercept": true, "reg__normalize": false}, "performance": {"cv_scores": {"fit_time": [0.06101083755493164, 0.05800747871398926, 0.06001424789428711, 0.06301474571228027, 0.06601500511169434], "score_time": [0.006001710891723633, 0.005000591278076172, 0.00500035285949707, 0.005001544952392578, 0.005000114440917969], "test_r2": [-0.021089253539269714, 0.3254842386545014, 0.5349115333201833, 0.23120254352360925, 0.27924371480692345], "test_mse": [0.05530873954979231, 0.001193041643742997, 0.00028233434999866967, 0.001024353530789432, 0.0013529497866260913], "test_xve": [-0.00582238353393727, 0.33003900594678415, 0.5606023873718549, 0.2318118074519726, 0.3440754236011304], "test_MAPE": [29865235972097.58, 4939379514099.473, 1893517216288.7336, 7258734467826.977, 11623509177316.572]}, "test_scores": {"r2": -0.46088757433471517, "mse": 0.0016031750114720391, "explained_variance_score": -0.2661884009696478, "MAPE": 30012199651623.06}}}