{"algorithm": "Lasso_StandardScaler()", "best_params": {"reg__alpha": 0.1, "reg__fit_intercept": true, "reg__normalize": true}, "performance": {"cv_scores": {"fit_time": [0.21004724502563477, 0.21004748344421387, 0.21004796028137207, 0.21204805374145508, 0.20804715156555176], "score_time": [0.014003276824951172, 0.01400303840637207, 0.014002323150634766, 0.013002634048461914, 0.015006065368652344], "test_r2": [0.6235631428879729, -2.530375144801197, 0.41128574759934833, 0.46803025822081123, -0.07140248012452877], "test_mse": [0.0014835934787219838, 0.0021555509258075764, 0.0007103947626663093, 0.0009834660931089553, 0.058905597523047006], "test_xve": [0.6236561591853036, -1.913657617389656, 0.4147792886664049, 0.5300549962972281, -0.040400981611740994], "test_MAPE": [8857786685496.121, 34839548664749.785, 3642064477990.8604, 7729297702469.6, 13111118680854.566]}, "test_scores": {"r2": -0.004787152367110359, "mse": 0.0032206051669821526, "explained_variance_score": 0.0, "MAPE": 23110872340290.723}}}