{"algorithm": "Lasso_None", "best_params": {"reg__alpha": 0.01, "reg__fit_intercept": true, "reg__normalize": true}, "performance": {"cv_scores": {"fit_time": [0.1650385856628418, 0.1980438232421875, 0.20004510879516602, 0.2780637741088867, 0.2820618152618408], "score_time": [0.013002872467041016, 0.012002944946289062, 0.014003753662109375, 0.016002655029296875, 0.013002157211303711], "test_r2": [0.083440802970427, 0.3966269245303833, 0.5203635281425062, 0.1673423977529287, 0.05810018252356497], "test_mse": [0.04964672161102694, 0.0010672088733888305, 0.0002911657914982595, 0.0011094414369028848, 0.0017680638840860408], "test_xve": [0.09391855257114234, 0.3972952716165723, 0.5937852315978693, 0.1682128293480053, 0.1002682023932866], "test_MAPE": [42534109325421.1, 5243962654721.014, 1281485734323.8274, 2616457829107.128, 17171474319969.195]}, "test_scores": {"r2": -0.008745777113820186, "mse": 0.0016723101004059737, "explained_variance_score": 1.1102230246251565e-16, "MAPE": 23021510631087.117}}}