{"algorithm": "LGBMRegressor", "best_params": {"reg__estimator__learning_rate": 0.05, "reg__estimator__max_depth": 3, "reg__estimator__n_estimators": 50, "reg__estimator__subsample": 0.5}, "performance": {"cv_scores": {"fit_time": [0.0780179500579834, 0.07601761817932129, 0.07601690292358398, 0.07501649856567383, 0.07601737976074219], "score_time": [0.007001399993896484, 0.00600123405456543, 0.006000995635986328, 0.00600123405456543, 0.00600123405456543], "test_r2": [0.019622382466814137, 0.37755881103568034, 0.671887144371, 0.3245831757979002, 0.010913017193136976], "test_mse": [0.053103536366327565, 0.0011009353698926622, 0.00019918259956335578, 0.0008999322289605582, 0.0018566401012857154], "test_xve": [0.036607671826300425, 0.3826688536576148, 0.6759742925689463, 0.3247230227144602, 0.057183786547064464], "test_MAPE": [20682851280142.434, 6313045379611.996, 3685326423745.865, 3507791690051.901, 16945388857731.818]}, "test_scores": {"r2": -4.001362786817682, "mse": 0.003850165756363731, "explained_variance_score": -3.448302063598752, "MAPE": 70145238045461.09}}}