{"algorithm": "LGBMRegressor", "best_params": {"reg__learning_rate": 0.05, "reg__max_depth": 3, "reg__n_estimators": 50, "reg__subsample": 0.5}, "performance": {"cv_scores": {"fit_time": [0.06501483917236328, 0.060013771057128906, 0.06101369857788086, 0.06201362609863281, 0.06201362609863281], "score_time": [0.005000591278076172, 0.0050008296966552734, 0.00600123405456543, 0.00500178337097168, 0.006001472473144531], "test_r2": [-0.021089253539269714, 0.3254842386545014, 0.5349115333201833, 0.23120254352360925, 0.27924371480692345], "test_mse": [0.05530873954979231, 0.001193041643742997, 0.00028233434999866967, 0.001024353530789432, 0.0013529497866260913], "test_xve": [-0.00582238353393727, 0.33003900594678415, 0.5606023873718549, 0.2318118074519726, 0.3440754236011304], "test_MAPE": [29865235972097.58, 4939379514099.473, 1893517216288.7336, 7258734467826.977, 11623509177316.572]}, "test_scores": {"r2": 0.04796049854717532, "mse": 0.0012295131693733537, "explained_variance_score": 0.18739943330524955, "MAPE": 18163018756829.54}}}