{"algorithm": "LGBMRegressor_None", "best_params": {"reg__learning_rate": 0.05, "reg__max_depth": 5, "reg__n_estimators": 50, "reg__subsample": 0.5}, "performance": {"cv_scores": {"fit_time": [0.15203428268432617, 0.15503525733947754, 0.15703630447387695, 0.15703511238098145, 0.15403437614440918], "score_time": [0.011002302169799805, 0.011002540588378906, 0.011001825332641602, 0.011002302169799805, 0.011002063751220703], "test_r2": [0.083440802970427, 0.3966269245303833, 0.5203635281425062, 0.1673423977529287, 0.05810018252356497], "test_mse": [0.04964672161102694, 0.0010672088733888305, 0.0002911657914982595, 0.0011094414369028848, 0.0017680638840860408], "test_xve": [0.09391855257114234, 0.3972952716165723, 0.5937852315978693, 0.1682128293480053, 0.1002682023932866], "test_MAPE": [42534109325421.1, 5243962654721.014, 1281485734323.8274, 2616457829107.128, 17171474319969.195]}, "test_scores": {"r2": -0.15316060809219412, "mse": 0.0019117226322576996, "explained_variance_score": -0.13891117599910618, "MAPE": 28417319543777.734}}}