{"algorithm": "Ridge_StandardScaler()", "best_params": {"reg__alpha": 1000, "reg__fit_intercept": true, "reg__normalize": true}, "performance": {"cv_scores": {"fit_time": [0.23405218124389648, 0.2510561943054199, 0.21304821968078613, 0.21004748344421387, 0.21104764938354492], "score_time": [0.04801058769226074, 0.014003276824951172, 0.013002395629882812, 0.014003276824951172, 0.014002561569213867], "test_r2": [0.6235631428879729, -2.530375144801197, 0.41128574759934833, 0.46803025822081123, -0.07140248012452877], "test_mse": [0.0014835934787219838, 0.0021555509258075764, 0.0007103947626663093, 0.0009834660931089553, 0.058905597523047006], "test_xve": [0.6236561591853036, -1.913657617389656, 0.4147792886664049, 0.5300549962972281, -0.040400981611740994], "test_MAPE": [8857786685496.121, 34839548664749.785, 3642064477990.8604, 7729297702469.6, 13111118680854.566]}, "test_scores": {"r2": 0.0012527296716009495, "mse": 0.003201245768072632, "explained_variance_score": 0.006000815166217199, "MAPE": 23254379793568.973}}}