{"algorithm": "Ridge_None", "best_params": {"reg__alpha": 1000, "reg__fit_intercept": true, "reg__normalize": true}, "performance": {"cv_scores": {"fit_time": [0.19004321098327637, 0.23305368423461914, 0.2940657138824463, 0.19104337692260742, 0.1870427131652832], "score_time": [0.014003515243530273, 0.016004323959350586, 0.012002706527709961, 0.011004209518432617, 0.013002157211303711], "test_r2": [0.083440802970427, 0.3966269245303833, 0.5203635281425062, 0.1673423977529287, 0.05810018252356497], "test_mse": [0.04964672161102694, 0.0010672088733888305, 0.0002911657914982595, 0.0011094414369028848, 0.0017680638840860408], "test_xve": [0.09391855257114234, 0.3972952716165723, 0.5937852315978693, 0.1682128293480053, 0.1002682023932866], "test_MAPE": [42534109325421.1, 5243962654721.014, 1281485734323.8274, 2616457829107.128, 17171474319969.195]}, "test_scores": {"r2": -0.013239011955910929, "mse": 0.001679759035688185, "explained_variance_score": -0.003962522761377096, "MAPE": 23559437915265.117}}}