{"algorithm": "Ridge_Normalizer()", "best_params": {"reg__alpha": 100, "reg__fit_intercept": false, "reg__normalize": true}, "performance": {"cv_scores": {"fit_time": [0.22104978561401367, 0.21404790878295898, 0.2180490493774414, 0.2180495262145996, 0.3180711269378662], "score_time": [0.014002799987792969, 0.014003515243530273, 0.01400303840637207, 0.014002799987792969, 0.014002799987792969], "test_r2": [0.6235631428879729, -2.530375144801197, 0.41128574759934833, 0.46803025822081123, -0.07140248012452877], "test_mse": [0.0014835934787219838, 0.0021555509258075764, 0.0007103947626663093, 0.0009834660931089553, 0.058905597523047006], "test_xve": [0.6236561591853036, -1.913657617389656, 0.4147792886664049, 0.5300549962972281, -0.040400981611740994], "test_MAPE": [8857786685496.121, 34839548664749.785, 3642064477990.8604, 7729297702469.6, 13111118680854.566]}, "test_scores": {"r2": -0.192367449726907, "mse": 0.003821848996063565, "explained_variance_score": 1.4414636708148798e-05, "MAPE": 13017347732140.188}}}