{"algorithm": "Ridge_None", "best_params": {"reg__alpha": 100, "reg__fit_intercept": true, "reg__normalize": true}, "performance": {"cv_scores": {"fit_time": [0.062014102935791016, 0.06001400947570801, 0.0690159797668457, 0.06101393699645996, 0.06001424789428711], "score_time": [0.006000995635986328, 0.005000591278076172, 0.005001068115234375, 0.0050008296966552734, 0.004000663757324219], "test_r2": [-0.021089253539269714, 0.3254842386545014, 0.5349115333201833, 0.23120254352360925, 0.27924371480692345], "test_mse": [0.05530873954979231, 0.001193041643742997, 0.00028233434999866967, 0.001024353530789432, 0.0013529497866260913], "test_xve": [-0.00582238353393727, 0.33003900594678415, 0.5606023873718549, 0.2318118074519726, 0.3440754236011304], "test_MAPE": [29865235972097.58, 4939379514099.473, 1893517216288.7336, 7258734467826.977, 11623509177316.572]}, "test_scores": {"r2": -0.13690918664538754, "mse": 0.0014370427351388993, "explained_variance_score": -0.0017916775947626196, "MAPE": 40270976551438.195}}}