{"algorithm": "Ridge_StandardScaler()", "best_params": {"reg__alpha": 100, "reg__fit_intercept": true, "reg__normalize": true}, "performance": {"cv_scores": {"fit_time": [0.06001091003417969, 0.06501436233520508, 0.07001614570617676, 0.06701493263244629, 0.09502124786376953], "score_time": [0.00400090217590332, 0.00600123405456543, 0.0050008296966552734, 0.0050013065338134766, 0.00600123405456543], "test_r2": [-0.021089253539269714, 0.3254842386545014, 0.5349115333201833, 0.23120254352360925, 0.27924371480692345], "test_mse": [0.05530873954979231, 0.001193041643742997, 0.00028233434999866967, 0.001024353530789432, 0.0013529497866260913], "test_xve": [-0.00582238353393727, 0.33003900594678415, 0.5606023873718549, 0.2318118074519726, 0.3440754236011304], "test_MAPE": [29865235972097.58, 4939379514099.473, 1893517216288.7336, 7258734467826.977, 11623509177316.572]}, "test_scores": {"r2": -0.021551499789918882, "mse": 0.038096285640871884, "explained_variance_score": 0.0005490565218635446, "MAPE": 14334577592710.316}}}