{"algorithm": "XGBRegressor_Normalizer()", "best_params": {"reg__learning_rate": 0.05, "reg__max_depth": 3, "reg__n_estimators": 50, "reg__subsample": 0.5}, "performance": {"cv_scores": {"fit_time": [0.22205090522766113, 0.21904921531677246, 0.2180495262145996, 0.22305059432983398, 0.21204686164855957], "score_time": [0.014002799987792969, 0.014002323150634766, 0.014003515243530273, 0.014003992080688477, 0.015002965927124023], "test_r2": [0.6235631428879729, -2.530375144801197, 0.41128574759934833, 0.46803025822081123, -0.07140248012452877], "test_mse": [0.0014835934787219838, 0.0021555509258075764, 0.0007103947626663093, 0.0009834660931089553, 0.058905597523047006], "test_xve": [0.6236561591853036, -1.913657617389656, 0.4147792886664049, 0.5300549962972281, -0.040400981611740994], "test_MAPE": [8857786685496.121, 34839548664749.785, 3642064477990.8604, 7729297702469.6, 13111118680854.566]}, "test_scores": {"r2": -0.809324817186923, "mse": 0.005799358442485576, "explained_variance_score": -0.5047364940876042, "MAPE": 43537098567096.766}}}