{"algorithm": "XGBRegressor_StandardScaler()", "best_params": {"reg__learning_rate": 0.1, "reg__max_depth": 3, "reg__n_estimators": 50, "reg__subsample": 1.0}, "performance": {"cv_scores": {"fit_time": [0.05501270294189453, 0.05701327323913574, 0.05801248550415039, 0.05901312828063965, 0.05901360511779785], "score_time": [0.006000995635986328, 0.0050008296966552734, 0.005001068115234375, 0.0040013790130615234, 0.005001068115234375], "test_r2": [-0.021089253539269714, 0.3254842386545014, 0.5349115333201833, 0.23120254352360925, 0.27924371480692345], "test_mse": [0.05530873954979231, 0.001193041643742997, 0.00028233434999866967, 0.001024353530789432, 0.0013529497866260913], "test_xve": [-0.00582238353393727, 0.33003900594678415, 0.5606023873718549, 0.2318118074519726, 0.3440754236011304], "test_MAPE": [29865235972097.58, 4939379514099.473, 1893517216288.7336, 7258734467826.977, 11623509177316.572]}, "test_scores": {"r2": -34.485580872231445, "mse": 0.06893358056453944, "explained_variance_score": -33.38936137418794, "MAPE": 131549838364315.97}}}