{"algorithm": "XGBRegressor", "best_params": {"reg__estimator__learning_rate": 0.05, "reg__estimator__max_depth": 3, "reg__estimator__n_estimators": 50, "reg__estimator__subsample": 0.5}, "performance": {"cv_scores": {"fit_time": [0.07401704788208008, 0.0780184268951416, 0.07601761817932129, 0.07701778411865234, 0.07401728630065918], "score_time": [0.00600123405456543, 0.006000041961669922, 0.006000995635986328, 0.0060007572174072266, 0.007001161575317383], "test_r2": [0.019622382466814137, 0.37755881103568034, 0.671887144371, 0.3245831757979002, 0.010913017193136976], "test_mse": [0.053103536366327565, 0.0011009353698926622, 0.00019918259956335578, 0.0008999322289605582, 0.0018566401012857154], "test_xve": [0.036607671826300425, 0.3826688536576148, 0.6759742925689463, 0.3247230227144602, 0.057183786547064464], "test_MAPE": [20682851280142.434, 6313045379611.996, 3685326423745.865, 3507791690051.901, 16945388857731.818]}, "test_scores": {"r2": 0.00041664362282312073, "mse": 0.03705130269847139, "explained_variance_score": 0.022559685132557905, "MAPE": 5163534219595.509}}}