{"algorithm": "XGBRegressor_None", "best_params": {"reg__learning_rate": 0.05, "reg__max_depth": 3, "reg__n_estimators": 50, "reg__subsample": 0.5}, "performance": {"cv_scores": {"fit_time": [0.19204282760620117, 0.18204236030578613, 0.19704556465148926, 0.252056360244751, 0.30406808853149414], "score_time": [0.012003421783447266, 0.012001514434814453, 0.013002157211303711, 0.017005205154418945, 0.013002157211303711], "test_r2": [0.083440802970427, 0.3966269245303833, 0.5203635281425062, 0.1673423977529287, 0.05810018252356497], "test_mse": [0.04964672161102694, 0.0010672088733888305, 0.0002911657914982595, 0.0011094414369028848, 0.0017680638840860408], "test_xve": [0.09391855257114234, 0.3972952716165723, 0.5937852315978693, 0.1682128293480053, 0.1002682023932866], "test_MAPE": [42534109325421.1, 5243962654721.014, 1281485734323.8274, 2616457829107.128, 17171474319969.195]}, "test_scores": {"r2": -1.5478175141124617, "mse": 0.004223800544704294, "explained_variance_score": -0.6338644876773951, "MAPE": 32751805571521.074}}}